componente;versao_referencia;licenca;origem;estado
Binutils;2.47;GPL-3.0-or-later;https://ftp.gnu.org/gnu/binutils/;bootstrap Base ABI v1
GCC;16.2.0;GPL-3.0-or-later;https://ftp.gnu.org/gnu/gcc/;toolchain e runtime Base ABI v1
glibc;2.44;LGPL-2.1-or-later;https://ftp.gnu.org/gnu/glibc/;runtime Base ABI v1 com patches LFS
Bash;5.3;GPL-3.0-or-later;https://ftp.gnu.org/gnu/bash/;ativo estático
Coreutils;9.11;GPL-3.0-or-later;https://ftp.gnu.org/gnu/coreutils/;userspace Base ABI v1
Util-linux;2.42.2;GPL-2.0-or-later e LGPL-2.1-or-later;https://cdn.kernel.org/pub/linux/utils/util-linux/;base dinâmica e instalador estático
systemd;261.3;LGPL-2.1-or-later;https://github.com/systemd/systemd/releases;planejado
BusyBox;1.36.1;GPL-2.0-only;https://busybox.net/downloads/;ativo
e2fsprogs;1.47.2;GPL-2.0-or-later e LGPL-2.0-or-later;https://www.kernel.org/pub/linux/kernel/people/tytso/e2fsprogs/;instalador
GRUB;2.12;GPL-3.0-or-later;https://ftp.gnu.org/gnu/grub/;ativo via ferramenta do host
sudo;1.9.17p2;ISC;https://www.sudo.ws/dist/;ativo
curl;8.22.0;curl;https://curl.se/download/;ativo
OpenSSL;3.5.4;Apache-2.0;https://github.com/openssl/openssl/releases;ativo
Mozilla CA bundle;2026-08-13;MPL-2.0;https://curl.se/ca/;ativo
GMP;6.3.0;LGPL-3.0-or-later ou GPL-2.0-or-later;https://sourceware.org/pub/gcc/infrastructure/;bootstrap GCC no host
MPFR;4.2.2;LGPL-3.0-or-later;https://sourceware.org/pub/gcc/infrastructure/;bootstrap GCC no host
MPC;1.3.1;LGPL-3.0-or-later;https://sourceware.org/pub/gcc/infrastructure/;bootstrap GCC no host
